1,0000,P01,115,D:\code\zouyongjia\DEVISIGN_G_EXTRACT\0000\P01_0000_1_0_20121124.oni\pic
2,0000,P01,0,D:\code\zouyongjia\DEVISIGN_G_EXTRACT\0000\P01_0000_2_0_20140711.oni\pic
1,0000,P02,81,D:\code\zouyongjia\DEVISIGN_G_EXTRACT\0000\P02_0000_1_0_20130116.oni\pic
2,0000,P02,80,D:\code\zouyongjia\DEVISIGN_G_EXTRACT\0000\P02_0000_2_0_20130117.oni\pic
1,0000,P03,76,D:\code\zouyongjia\DEVISIGN_G_EXTRACT\0000\P03_0000_1_0_20130520.oni\pic
2,0000,P03,79,D:\code\zouyongjia\DEVISIGN_G_EXTRACT\0000\P03_0000_2_0_20130523.oni\pic
1,0000,P04,88,D:\code\zouyongjia\DEVISIGN_G_EXTRACT\0000\P04_0000_1_0_20130309.oni\pic
2,0000,P04,77,D:\code\zouyongjia\DEVISIGN_G_EXTRACT\0000\P04_0000_2_0_20140405.oni\pic
1,0000,P05,71,D:\code\zouyongjia\DEVISIGN_G_EXTRACT\0000\P05_0000_1_0_20130407.oni\pic
1,0000,P06,72,D:\code\zouyongjia\DEVISIGN_G_EXTRACT\0000\P06_0000_1_0_20130602.oni\pic
1,0000,P07,63,D:\code\zouyongjia\DEVISIGN_G_EXTRACT\0000\P07_0000_1_0_20140314.oni\pic
1,0000,P08,75,D:\code\zouyongjia\DEVISIGN_G_EXTRACT\0000\P08_0000_1_0_20130505.oni\pic
1,0001,P01,108,D:\code\zouyongjia\DEVISIGN_G_EXTRACT\0001\P01_0001_1_0_20121124.oni\pic
2,0001,P01,56,D:\code\zouyongjia\DEVISIGN_G_EXTRACT\0001\P01_0001_2_0_20140711.oni\pic
1,0001,P02,72,D:\code\zouyongjia\DEVISIGN_G_EXTRACT\0001\P02_0001_1_0_20130116.oni\pic
2,0001,P02,69,D:\code\zouyongjia\DEVISIGN_G_EXTRACT\0001\P02_0001_2_0_20130117.oni\pic
1,0001,P03,55,D:\code\zouyongjia\DEVISIGN_G_EXTRACT\0001\P03_0001_1_0_20130520.oni\pic
2,0001,P03,78,D:\code\zouyongjia\DEVISIGN_G_EXTRACT\0001\P03_0001_2_0_20130523.oni\pic
1,0001,P04,88,D:\code\zouyongjia\DEVISIGN_G_EXTRACT\0001\P04_0001_1_0_20130309.oni\pic
2,0001,P04,54,D:\code\zouyongjia\DEVISIGN_G_EXTRACT\0001\P04_0001_2_0_20140405.oni\pic
1,0001,P05,64,D:\code\zouyongjia\DEVISIGN_G_EXTRACT\0001\P05_0001_1_0_20130407.oni\pic
1,0001,P06,80,D:\code\zouyongjia\DEVISIGN_G_EXTRACT\0001\P06_0001_1_0_20130602.oni\pic
1,0001,P07,56,D:\code\zouyongjia\DEVISIGN_G_EXTRACT\0001\P07_0001_1_0_20140314.oni\pic
1,0001,P08,68,D:\code\zouyongjia\DEVISIGN_G_EXTRACT\0001\P08_0001_1_0_20130505.oni\pic
1,0002,P01,113,D:\code\zouyongjia\DEVISIGN_G_EXTRACT\0002\P01_0002_1_0_20121124.oni\pic
2,0002,P01,60,D:\code\zouyongjia\DEVISIGN_G_EXTRACT\0002\P01_0002_2_0_20140711.oni\pic
1,0002,P02,74,D:\code\zouyongjia\DEVISIGN_G_EXTRACT\0002\P02_0002_1_0_20130116.oni\pic
2,0002,P02,63,D:\code\zouyongjia\DEVISIGN_G_EXTRACT\0002\P02_0002_2_0_20130117.oni\pic
1,0002,P03,66,D:\code\zouyongjia\DEVISIGN_G_EXTRACT\0002\P03_0002_1_0_20130520.oni\pic
2,0002,P03,75,D:\code\zouyongjia\DEVISIGN_G_EXTRACT\0002\P03_0002_2_0_20130523.oni\pic
1,0002,P04,72,D:\code\zouyongjia\DEVISIGN_G_EXTRACT\0002\P04_0002_1_0_20130309.oni\pic
2,0002,P04,50,D:\code\zouyongjia\DEVISIGN_G_EXTRACT\0002\P04_0002_2_0_20140405.oni\pic
1,0002,P05,56,D:\code\zouyongjia\DEVISIGN_G_EXTRACT\0002\P05_0002_1_0_20130407.oni\pic
1,0002,P06,72,D:\code\zouyongjia\DEVISIGN_G_EXTRACT\0002\P06_0002_1_0_20130602.oni\pic
1,0002,P07,54,D:\code\zouyongjia\DEVISIGN_G_EXTRACT\0002\P07_0002_1_0_20140314.oni\pic
1,0002,P08,57,D:\code\zouyongjia\DEVISIGN_G_EXTRACT\0002\P08_0002_1_0_20130505.oni\pic
1,0003,P01,135,D:\code\zouyongjia\DEVISIGN_G_EXTRACT\0003\P01_0003_1_0_20121124.oni\pic
2,0003,P01,59,D:\code\zouyongjia\DEVISIGN_G_EXTRACT\0003\P01_0003_2_0_20140711.oni\pic
1,0003,P02,84,D:\code\zouyongjia\DEVISIGN_G_EXTRACT\0003\P02_0003_1_0_20130116.oni\pic
2,0003,P02,66,D:\code\zouyongjia\DEVISIGN_G_EXTRACT\0003\P02_0003_2_0_20130117.oni\pic
1,0003,P03,55,D:\code\zouyongjia\DEVISIGN_G_EXTRACT\0003\P03_0003_1_0_20130520.oni\pic
2,0003,P03,67,D:\code\zouyongjia\DEVISIGN_G_EXTRACT\0003\P03_0003_2_0_20130523.oni\pic
1,0003,P04,68,D:\code\zouyongjia\DEVISIGN_G_EXTRACT\0003\P04_0003_1_0_20130309.oni\pic
2,0003,P04,68,D:\code\zouyongjia\DEVISIGN_G_EXTRACT\0003\P04_0003_2_0_20140405.oni\pic
1,0003,P05,71,D:\code\zouyongjia\DEVISIGN_G_EXTRACT\0003\P05_0003_1_0_20130407.oni\pic
1,0003,P06,90,D:\code\zouyongjia\DEVISIGN_G_EXTRACT\0003\P06_0003_1_0_20130602.oni\pic
1,0003,P07,59,D:\code\zouyongjia\DEVISIGN_G_EXTRACT\0003\P07_0003_1_0_20140314.oni\pic
1,0003,P08,96,D:\code\zouyongjia\DEVISIGN_G_EXTRACT\0003\P08_0003_1_0_20130505.oni\pic
1,0004,P01,125,D:\code\zouyongjia\DEVISIGN_G_EXTRACT\0004\P01_0004_1_0_20121124.oni\pic
2,0004,P01,52,D:\code\zouyongjia\DEVISIGN_G_EXTRACT\0004\P01_0004_2_0_20140711.oni\pic
1,0004,P02,67,D:\code\zouyongjia\DEVISIGN_G_EXTRACT\0004\P02_0004_1_0_20130116.oni\pic
2,0004,P02,58,D:\code\zouyongjia\DEVISIGN_G_EXTRACT\0004\P02_0004_2_0_20130117.oni\pic
1,0004,P03,59,D:\code\zouyongjia\DEVISIGN_G_EXTRACT\0004\P03_0004_1_0_20130520.oni\pic
2,0004,P03,72,D:\code\zouyongjia\DEVISIGN_G_EXTRACT\0004\P03_0004_2_0_20130523.oni\pic
1,0004,P04,76,D:\code\zouyongjia\DEVISIGN_G_EXTRACT\0004\P04_0004_1_0_20130309.oni\pic
2,0004,P04,50,D:\code\zouyongjia\DEVISIGN_G_EXTRACT\0004\P04_0004_2_0_20140405.oni\pic
1,0004,P05,62,D:\code\zouyongjia\DEVISIGN_G_EXTRACT\0004\P05_0004_1_0_20130407.oni\pic
1,0004,P06,76,D:\code\zouyongjia\DEVISIGN_G_EXTRACT\0004\P06_0004_1_0_20130602.oni\pic
1,0004,P07,55,D:\code\zouyongjia\DEVISIGN_G_EXTRACT\0004\P07_0004_1_0_20140314.oni\pic
1,0004,P08,83,D:\code\zouyongjia\DEVISIGN_G_EXTRACT\0004\P08_0004_1_0_20130505.oni\pic
1,0005,P01,107,D:\code\zouyongjia\DEVISIGN_G_EXTRACT\0005\P01_0005_1_0_20121124.oni\pic
2,0005,P01,55,D:\code\zouyongjia\DEVISIGN_G_EXTRACT\0005\P01_0005_2_0_20140711.oni\pic
1,0005,P02,59,D:\code\zouyongjia\DEVISIGN_G_EXTRACT\0005\P02_0005_1_0_20130116.oni\pic
2,0005,P02,64,D:\code\zouyongjia\DEVISIGN_G_EXTRACT\0005\P02_0005_2_0_20130117.oni\pic
1,0005,P03,63,D:\code\zouyongjia\DEVISIGN_G_EXTRACT\0005\P03_0005_1_0_20130520.oni\pic
2,0005,P03,66,D:\code\zouyongjia\DEVISIGN_G_EXTRACT\0005\P03_0005_2_0_20130523.oni\pic
1,0005,P04,73,D:\code\zouyongjia\DEVISIGN_G_EXTRACT\0005\P04_0005_1_0_20130309.oni\pic
2,0005,P04,47,D:\code\zouyongjia\DEVISIGN_G_EXTRACT\0005\P04_0005_2_0_20140405.oni\pic
1,0005,P05,61,D:\code\zouyongjia\DEVISIGN_G_EXTRACT\0005\P05_0005_1_0_20130407.oni\pic
1,0005,P06,69,D:\code\zouyongjia\DEVISIGN_G_EXTRACT\0005\P06_0005_1_0_20130602.oni\pic
1,0005,P07,54,D:\code\zouyongjia\DEVISIGN_G_EXTRACT\0005\P07_0005_1_0_20140314.oni\pic
1,0005,P08,70,D:\code\zouyongjia\DEVISIGN_G_EXTRACT\0005\P08_0005_1_0_20130505.oni\pic
1,0006,P01,121,D:\code\zouyongjia\DEVISIGN_G_EXTRACT\0006\P01_0006_1_0_20121124.oni\pic
2,0006,P01,53,D:\code\zouyongjia\DEVISIGN_G_EXTRACT\0006\P01_0006_2_0_20140711.oni\pic
1,0006,P02,59,D:\code\zouyongjia\DEVISIGN_G_EXTRACT\0006\P02_0006_1_0_20130116.oni\pic
2,0006,P02,55,D:\code\zouyongjia\DEVISIGN_G_EXTRACT\0006\P02_0006_2_0_20130117.oni\pic
1,0006,P03,63,D:\code\zouyongjia\DEVISIGN_G_EXTRACT\0006\P03_0006_1_0_20130520.oni\pic
2,0006,P03,64,D:\code\zouyongjia\DEVISIGN_G_EXTRACT\0006\P03_0006_2_0_20130523.oni\pic
1,0006,P04,68,D:\code\zouyongjia\DEVISIGN_G_EXTRACT\0006\P04_0006_1_0_20130309.oni\pic
2,0006,P04,73,D:\code\zouyongjia\DEVISIGN_G_EXTRACT\0006\P04_0006_2_0_20140405.oni\pic
1,0006,P05,65,D:\code\zouyongjia\DEVISIGN_G_EXTRACT\0006\P05_0006_1_0_20130407.oni\pic
1,0006,P06,80,D:\code\zouyongjia\DEVISIGN_G_EXTRACT\0006\P06_0006_1_0_20130602.oni\pic
1,0006,P07,52,D:\code\zouyongjia\DEVISIGN_G_EXTRACT\0006\P07_0006_1_0_20140314.oni\pic
1,0006,P08,78,D:\code\zouyongjia\DEVISIGN_G_EXTRACT\0006\P08_0006_1_0_20130505.oni\pic
1,0007,P01,129,D:\code\zouyongjia\DEVISIGN_G_EXTRACT\0007\P01_0007_1_0_20121124.oni\pic
2,0007,P01,57,D:\code\zouyongjia\DEVISIGN_G_EXTRACT\0007\P01_0007_2_0_20140711.oni\pic
1,0007,P02,74,D:\code\zouyongjia\DEVISIGN_G_EXTRACT\0007\P02_0007_1_0_20130116.oni\pic
2,0007,P02,62,D:\code\zouyongjia\DEVISIGN_G_EXTRACT\0007\P02_0007_2_0_20130117.oni\pic
1,0007,P03,64,D:\code\zouyongjia\DEVISIGN_G_EXTRACT\0007\P03_0007_1_0_20130520.oni\pic
2,0007,P03,67,D:\code\zouyongjia\DEVISIGN_G_EXTRACT\0007\P03_0007_2_0_20130523.oni\pic
1,0007,P04,68,D:\code\zouyongjia\DEVISIGN_G_EXTRACT\0007\P04_0007_1_0_20130309.oni\pic
2,0007,P04,54,D:\code\zouyongjia\DEVISIGN_G_EXTRACT\0007\P04_0007_2_0_20140405.oni\pic
1,0007,P05,60,D:\code\zouyongjia\DEVISIGN_G_EXTRACT\0007\P05_0007_1_0_20130407.oni\pic
1,0007,P06,85,D:\code\zouyongjia\DEVISIGN_G_EXTRACT\0007\P06_0007_1_0_20130602.oni\pic
1,0007,P07,55,D:\code\zouyongjia\DEVISIGN_G_EXTRACT\0007\P07_0007_1_0_20140314.oni\pic
1,0007,P08,79,D:\code\zouyongjia\DEVISIGN_G_EXTRACT\0007\P08_0007_1_0_20130505.oni\pic
1,0008,P01,131,D:\code\zouyongjia\DEVISIGN_G_EXTRACT\0008\P01_0008_1_0_20121124.oni\pic
2,0008,P01,59,D:\code\zouyongjia\DEVISIGN_G_EXTRACT\0008\P01_0008_2_0_20140711.oni\pic
1,0008,P02,91,D:\code\zouyongjia\DEVISIGN_G_EXTRACT\0008\P02_0008_1_0_20130116.oni\pic
2,0008,P02,63,D:\code\zouyongjia\DEVISIGN_G_EXTRACT\0008\P02_0008_2_0_20130117.oni\pic
1,0008,P03,65,D:\code\zouyongjia\DEVISIGN_G_EXTRACT\0008\P03_0008_1_0_20130520.oni\pic
2,0008,P03,70,D:\code\zouyongjia\DEVISIGN_G_EXTRACT\0008\P03_0008_2_0_20130523.oni\pic
1,0008,P04,87,D:\code\zouyongjia\DEVISIGN_G_EXTRACT\0008\P04_0008_1_0_20130309.oni\pic
2,0008,P04,55,D:\code\zouyongjia\DEVISIGN_G_EXTRACT\0008\P04_0008_2_0_20140405.oni\pic
1,0008,P05,69,D:\code\zouyongjia\DEVISIGN_G_EXTRACT\0008\P05_0008_1_0_20130407.oni\pic
1,0008,P06,78,D:\code\zouyongjia\DEVISIGN_G_EXTRACT\0008\P06_0008_1_0_20130602.oni\pic
1,0008,P07,57,D:\code\zouyongjia\DEVISIGN_G_EXTRACT\0008\P07_0008_1_0_20140314.oni\pic
1,0008,P08,90,D:\code\zouyongjia\DEVISIGN_G_EXTRACT\0008\P08_0008_1_0_20130505.oni\pic
1,0009,P01,122,D:\code\zouyongjia\DEVISIGN_G_EXTRACT\0009\P01_0009_1_0_20121124.oni\pic
2,0009,P01,56,D:\code\zouyongjia\DEVISIGN_G_EXTRACT\0009\P01_0009_2_0_20140711.oni\pic
1,0009,P02,84,D:\code\zouyongjia\DEVISIGN_G_EXTRACT\0009\P02_0009_1_0_20130116.oni\pic
2,0009,P02,57,D:\code\zouyongjia\DEVISIGN_G_EXTRACT\0009\P02_0009_2_0_20130117.oni\pic
1,0009,P03,58,D:\code\zouyongjia\DEVISIGN_G_EXTRACT\0009\P03_0009_1_0_20130520.oni\pic
2,0009,P03,94,D:\code\zouyongjia\DEVISIGN_G_EXTRACT\0009\P03_0009_2_0_20130523.oni\pic
1,0009,P04,82,D:\code\zouyongjia\DEVISIGN_G_EXTRACT\0009\P04_0009_1_0_20130309.oni\pic
2,0009,P04,63,D:\code\zouyongjia\DEVISIGN_G_EXTRACT\0009\P04_0009_2_0_20140405.oni\pic
1,0009,P05,66,D:\code\zouyongjia\DEVISIGN_G_EXTRACT\0009\P05_0009_1_0_20130407.oni\pic
1,0009,P06,67,D:\code\zouyongjia\DEVISIGN_G_EXTRACT\0009\P06_0009_1_0_20130602.oni\pic
1,0009,P07,63,D:\code\zouyongjia\DEVISIGN_G_EXTRACT\0009\P07_0009_1_0_20140314.oni\pic
1,0009,P08,99,D:\code\zouyongjia\DEVISIGN_G_EXTRACT\0009\P08_0009_1_0_20130505.oni\pic
1,0010,P01,135,D:\code\zouyongjia\DEVISIGN_G_EXTRACT\0010\P01_0010_1_0_20121124.oni\pic
2,0010,P01,36,D:\code\zouyongjia\DEVISIGN_G_EXTRACT\0010\P01_0010_2_0_20140711.oni\pic
1,0010,P02,75,D:\code\zouyongjia\DEVISIGN_G_EXTRACT\0010\P02_0010_1_0_20130116.oni\pic
2,0010,P02,61,D:\code\zouyongjia\DEVISIGN_G_EXTRACT\0010\P02_0010_2_0_20130117.oni\pic
1,0010,P03,69,D:\code\zouyongjia\DEVISIGN_G_EXTRACT\0010\P03_0010_1_0_20130520.oni\pic
2,0010,P03,64,D:\code\zouyongjia\DEVISIGN_G_EXTRACT\0010\P03_0010_2_0_20130523.oni\pic
1,0010,P04,84,D:\code\zouyongjia\DEVISIGN_G_EXTRACT\0010\P04_0010_1_0_20130309.oni\pic
2,0010,P04,66,D:\code\zouyongjia\DEVISIGN_G_EXTRACT\0010\P04_0010_2_0_20140405.oni\pic
1,0010,P05,67,D:\code\zouyongjia\DEVISIGN_G_EXTRACT\0010\P05_0010_1_0_20130407.oni\pic
1,0010,P06,76,D:\code\zouyongjia\DEVISIGN_G_EXTRACT\0010\P06_0010_1_0_20130602.oni\pic
1,0010,P07,62,D:\code\zouyongjia\DEVISIGN_G_EXTRACT\0010\P07_0010_1_0_20140314.oni\pic
1,0010,P08,87,D:\code\zouyongjia\DEVISIGN_G_EXTRACT\0010\P08_0010_1_0_20130505.oni\pic
1,0011,P01,124,D:\code\zouyongjia\DEVISIGN_G_EXTRACT\0011\P01_0011_1_0_20121124.oni\pic
2,0011,P01,54,D:\code\zouyongjia\DEVISIGN_G_EXTRACT\0011\P01_0011_2_0_20140711.oni\pic
1,0011,P02,69,D:\code\zouyongjia\DEVISIGN_G_EXTRACT\0011\P02_0011_1_0_20130116.oni\pic
2,0011,P02,58,D:\code\zouyongjia\DEVISIGN_G_EXTRACT\0011\P02_0011_2_0_20130117.oni\pic
1,0011,P03,58,D:\code\zouyongjia\DEVISIGN_G_EXTRACT\0011\P03_0011_1_0_20130520.oni\pic
2,0011,P03,82,D:\code\zouyongjia\DEVISIGN_G_EXTRACT\0011\P03_0011_2_0_20130523.oni\pic
1,0011,P04,79,D:\code\zouyongjia\DEVISIGN_G_EXTRACT\0011\P04_0011_1_0_20130309.oni\pic
2,0011,P04,49,D:\code\zouyongjia\DEVISIGN_G_EXTRACT\0011\P04_0011_2_0_20140405.oni\pic
1,0011,P05,51,D:\code\zouyongjia\DEVISIGN_G_EXTRACT\0011\P05_0011_1_0_20130407.oni\pic
1,0011,P06,72,D:\code\zouyongjia\DEVISIGN_G_EXTRACT\0011\P06_0011_1_0_20130602.oni\pic
1,0011,P07,52,D:\code\zouyongjia\DEVISIGN_G_EXTRACT\0011\P07_0011_1_0_20140314.oni\pic
1,0011,P08,92,D:\code\zouyongjia\DEVISIGN_G_EXTRACT\0011\P08_0011_1_0_20130505.oni\pic
1,0012,P01,130,D:\code\zouyongjia\DEVISIGN_G_EXTRACT\0012\P01_0012_1_0_20121124.oni\pic
2,0012,P01,58,D:\code\zouyongjia\DEVISIGN_G_EXTRACT\0012\P01_0012_2_0_20140711.oni\pic
1,0012,P02,74,D:\code\zouyongjia\DEVISIGN_G_EXTRACT\0012\P02_0012_1_0_20130116.oni\pic
2,0012,P02,64,D:\code\zouyongjia\DEVISIGN_G_EXTRACT\0012\P02_0012_2_0_20130117.oni\pic
1,0012,P03,61,D:\code\zouyongjia\DEVISIGN_G_EXTRACT\0012\P03_0012_1_0_20130520.oni\pic
2,0012,P03,68,D:\code\zouyongjia\DEVISIGN_G_EXTRACT\0012\P03_0012_2_0_20130523.oni\pic
1,0012,P04,79,D:\code\zouyongjia\DEVISIGN_G_EXTRACT\0012\P04_0012_1_0_20130309.oni\pic
2,0012,P04,48,D:\code\zouyongjia\DEVISIGN_G_EXTRACT\0012\P04_0012_2_0_20140405.oni\pic
1,0012,P05,74,D:\code\zouyongjia\DEVISIGN_G_EXTRACT\0012\P05_0012_1_0_20130407.oni\pic
1,0012,P06,80,D:\code\zouyongjia\DEVISIGN_G_EXTRACT\0012\P06_0012_1_0_20130602.oni\pic
1,0012,P07,59,D:\code\zouyongjia\DEVISIGN_G_EXTRACT\0012\P07_0012_1_0_20140314.oni\pic
1,0012,P08,89,D:\code\zouyongjia\DEVISIGN_G_EXTRACT\0012\P08_0012_1_0_20130505.oni\pic
1,0013,P01,132,D:\code\zouyongjia\DEVISIGN_G_EXTRACT\0013\P01_0013_1_0_20121124.oni\pic
2,0013,P01,55,D:\code\zouyongjia\DEVISIGN_G_EXTRACT\0013\P01_0013_2_0_20140711.oni\pic
1,0013,P02,76,D:\code\zouyongjia\DEVISIGN_G_EXTRACT\0013\P02_0013_1_0_20130116.oni\pic
2,0013,P02,59,D:\code\zouyongjia\DEVISIGN_G_EXTRACT\0013\P02_0013_2_0_20130117.oni\pic
1,0013,P03,61,D:\code\zouyongjia\DEVISIGN_G_EXTRACT\0013\P03_0013_1_0_20130520.oni\pic
2,0013,P03,69,D:\code\zouyongjia\DEVISIGN_G_EXTRACT\0013\P03_0013_2_0_20130523.oni\pic
1,0013,P04,83,D:\code\zouyongjia\DEVISIGN_G_EXTRACT\0013\P04_0013_1_0_20130309.oni\pic
2,0013,P04,46,D:\code\zouyongjia\DEVISIGN_G_EXTRACT\0013\P04_0013_2_0_20140405.oni\pic
1,0013,P05,70,D:\code\zouyongjia\DEVISIGN_G_EXTRACT\0013\P05_0013_1_0_20130407.oni\pic
1,0013,P06,74,D:\code\zouyongjia\DEVISIGN_G_EXTRACT\0013\P06_0013_1_0_20130602.oni\pic
1,0013,P07,57,D:\code\zouyongjia\DEVISIGN_G_EXTRACT\0013\P07_0013_1_0_20140314.oni\pic
1,0013,P08,92,D:\code\zouyongjia\DEVISIGN_G_EXTRACT\0013\P08_0013_1_0_20130505.oni\pic
1,0014,P01,146,D:\code\zouyongjia\DEVISIGN_G_EXTRACT\0014\P01_0014_1_0_20121124.oni\pic
2,0014,P01,59,D:\code\zouyongjia\DEVISIGN_G_EXTRACT\0014\P01_0014_2_0_20140711.oni\pic
1,0014,P02,70,D:\code\zouyongjia\DEVISIGN_G_EXTRACT\0014\P02_0014_1_0_20130116.oni\pic
2,0014,P02,73,D:\code\zouyongjia\DEVISIGN_G_EXTRACT\0014\P02_0014_2_0_20130117.oni\pic
1,0014,P03,70,D:\code\zouyongjia\DEVISIGN_G_EXTRACT\0014\P03_0014_1_0_20130520.oni\pic
2,0014,P03,71,D:\code\zouyongjia\DEVISIGN_G_EXTRACT\0014\P03_0014_2_0_20130523.oni\pic
1,0014,P04,74,D:\code\zouyongjia\DEVISIGN_G_EXTRACT\0014\P04_0014_1_0_20130309.oni\pic
2,0014,P04,46,D:\code\zouyongjia\DEVISIGN_G_EXTRACT\0014\P04_0014_2_0_20140405.oni\pic
1,0014,P05,63,D:\code\zouyongjia\DEVISIGN_G_EXTRACT\0014\P05_0014_1_0_20130407.oni\pic
1,0014,P06,81,D:\code\zouyongjia\DEVISIGN_G_EXTRACT\0014\P06_0014_1_0_20130602.oni\pic
1,0014,P07,59,D:\code\zouyongjia\DEVISIGN_G_EXTRACT\0014\P07_0014_1_0_20140314.oni\pic
1,0014,P08,97,D:\code\zouyongjia\DEVISIGN_G_EXTRACT\0014\P08_0014_1_0_20130505.oni\pic
1,0015,P01,137,D:\code\zouyongjia\DEVISIGN_G_EXTRACT\0015\P01_0015_1_0_20121124.oni\pic
2,0015,P01,58,D:\code\zouyongjia\DEVISIGN_G_EXTRACT\0015\P01_0015_2_0_20140711.oni\pic
1,0015,P02,86,D:\code\zouyongjia\DEVISIGN_G_EXTRACT\0015\P02_0015_1_0_20130116.oni\pic
2,0015,P02,75,D:\code\zouyongjia\DEVISIGN_G_EXTRACT\0015\P02_0015_2_0_20130117.oni\pic
1,0015,P03,64,D:\code\zouyongjia\DEVISIGN_G_EXTRACT\0015\P03_0015_1_0_20130520.oni\pic
2,0015,P03,74,D:\code\zouyongjia\DEVISIGN_G_EXTRACT\0015\P03_0015_2_0_20130523.oni\pic
1,0015,P04,85,D:\code\zouyongjia\DEVISIGN_G_EXTRACT\0015\P04_0015_1_0_20130309.oni\pic
2,0015,P04,99,D:\code\zouyongjia\DEVISIGN_G_EXTRACT\0015\P04_0015_2_0_20140405.oni\pic
1,0015,P05,77,D:\code\zouyongjia\DEVISIGN_G_EXTRACT\0015\P05_0015_1_0_20130407.oni\pic
1,0015,P06,86,D:\code\zouyongjia\DEVISIGN_G_EXTRACT\0015\P06_0015_1_0_20130602.oni\pic
1,0015,P07,50,D:\code\zouyongjia\DEVISIGN_G_EXTRACT\0015\P07_0015_1_0_20140314.oni\pic
1,0015,P08,96,D:\code\zouyongjia\DEVISIGN_G_EXTRACT\0015\P08_0015_1_0_20130505.oni\pic
1,0016,P01,138,D:\code\zouyongjia\DEVISIGN_G_EXTRACT\0016\P01_0016_1_0_20121124.oni\pic
2,0016,P01,59,D:\code\zouyongjia\DEVISIGN_G_EXTRACT\0016\P01_0016_2_0_20140711.oni\pic
1,0016,P02,86,D:\code\zouyongjia\DEVISIGN_G_EXTRACT\0016\P02_0016_1_0_20130116.oni\pic
2,0016,P02,66,D:\code\zouyongjia\DEVISIGN_G_EXTRACT\0016\P02_0016_2_0_20130117.oni\pic
1,0016,P03,63,D:\code\zouyongjia\DEVISIGN_G_EXTRACT\0016\P03_0016_1_0_20130520.oni\pic
2,0016,P03,72,D:\code\zouyongjia\DEVISIGN_G_EXTRACT\0016\P03_0016_2_0_20130523.oni\pic
1,0016,P04,78,D:\code\zouyongjia\DEVISIGN_G_EXTRACT\0016\P04_0016_1_0_20130309.oni\pic
2,0016,P04,60,D:\code\zouyongjia\DEVISIGN_G_EXTRACT\0016\P04_0016_2_0_20140405.oni\pic
1,0016,P05,40,D:\code\zouyongjia\DEVISIGN_G_EXTRACT\0016\P05_0016_1_0_20130407.oni\pic
1,0016,P06,81,D:\code\zouyongjia\DEVISIGN_G_EXTRACT\0016\P06_0016_1_0_20130602.oni\pic
1,0016,P07,53,D:\code\zouyongjia\DEVISIGN_G_EXTRACT\0016\P07_0016_1_0_20140314.oni\pic
1,0016,P08,84,D:\code\zouyongjia\DEVISIGN_G_EXTRACT\0016\P08_0016_1_0_20130505.oni\pic
1,0017,P01,109,D:\code\zouyongjia\DEVISIGN_G_EXTRACT\0017\P01_0017_1_0_20121124.oni\pic
2,0017,P01,61,D:\code\zouyongjia\DEVISIGN_G_EXTRACT\0017\P01_0017_2_0_20140711.oni\pic
1,0017,P02,72,D:\code\zouyongjia\DEVISIGN_G_EXTRACT\0017\P02_0017_1_0_20130116.oni\pic
2,0017,P02,71,D:\code\zouyongjia\DEVISIGN_G_EXTRACT\0017\P02_0017_2_0_20130117.oni\pic
1,0017,P03,53,D:\code\zouyongjia\DEVISIGN_G_EXTRACT\0017\P03_0017_1_0_20130520.oni\pic
2,0017,P03,69,D:\code\zouyongjia\DEVISIGN_G_EXTRACT\0017\P03_0017_2_0_20130523.oni\pic
1,0017,P04,78,D:\code\zouyongjia\DEVISIGN_G_EXTRACT\0017\P04_0017_1_0_20130309.oni\pic
2,0017,P04,54,D:\code\zouyongjia\DEVISIGN_G_EXTRACT\0017\P04_0017_2_0_20140405.oni\pic
1,0017,P05,69,D:\code\zouyongjia\DEVISIGN_G_EXTRACT\0017\P05_0017_1_0_20130407.oni\pic
1,0017,P06,87,D:\code\zouyongjia\DEVISIGN_G_EXTRACT\0017\P06_0017_1_0_20130602.oni\pic
1,0017,P07,58,D:\code\zouyongjia\DEVISIGN_G_EXTRACT\0017\P07_0017_1_0_20140314.oni\pic
1,0017,P08,91,D:\code\zouyongjia\DEVISIGN_G_EXTRACT\0017\P08_0017_1_0_20130505.oni\pic
1,0018,P01,109,D:\code\zouyongjia\DEVISIGN_G_EXTRACT\0018\P01_0018_1_0_20121124.oni\pic
2,0018,P01,58,D:\code\zouyongjia\DEVISIGN_G_EXTRACT\0018\P01_0018_2_0_20140711.oni\pic
1,0018,P02,91,D:\code\zouyongjia\DEVISIGN_G_EXTRACT\0018\P02_0018_1_0_20130116.oni\pic
2,0018,P02,67,D:\code\zouyongjia\DEVISIGN_G_EXTRACT\0018\P02_0018_2_0_20130117.oni\pic
1,0018,P03,59,D:\code\zouyongjia\DEVISIGN_G_EXTRACT\0018\P03_0018_1_0_20130520.oni\pic
2,0018,P03,64,D:\code\zouyongjia\DEVISIGN_G_EXTRACT\0018\P03_0018_2_0_20130523.oni\pic
1,0018,P04,75,D:\code\zouyongjia\DEVISIGN_G_EXTRACT\0018\P04_0018_1_0_20130309.oni\pic
2,0018,P04,49,D:\code\zouyongjia\DEVISIGN_G_EXTRACT\0018\P04_0018_2_0_20140405.oni\pic
1,0018,P05,63,D:\code\zouyongjia\DEVISIGN_G_EXTRACT\0018\P05_0018_1_0_20130407.oni\pic
1,0018,P06,91,D:\code\zouyongjia\DEVISIGN_G_EXTRACT\0018\P06_0018_1_0_20130602.oni\pic
1,0018,P07,55,D:\code\zouyongjia\DEVISIGN_G_EXTRACT\0018\P07_0018_1_0_20140314.oni\pic
1,0018,P08,76,D:\code\zouyongjia\DEVISIGN_G_EXTRACT\0018\P08_0018_1_0_20130505.oni\pic
1,0019,P01,132,D:\code\zouyongjia\DEVISIGN_G_EXTRACT\0019\P01_0019_1_0_20121124.oni\pic
2,0019,P01,65,D:\code\zouyongjia\DEVISIGN_G_EXTRACT\0019\P01_0019_2_0_20140711.oni\pic
1,0019,P02,86,D:\code\zouyongjia\DEVISIGN_G_EXTRACT\0019\P02_0019_1_0_20130116.oni\pic
2,0019,P02,74,D:\code\zouyongjia\DEVISIGN_G_EXTRACT\0019\P02_0019_2_0_20130117.oni\pic
1,0019,P03,74,D:\code\zouyongjia\DEVISIGN_G_EXTRACT\0019\P03_0019_1_0_20130520.oni\pic
2,0019,P03,65,D:\code\zouyongjia\DEVISIGN_G_EXTRACT\0019\P03_0019_2_0_20130523.oni\pic
1,0019,P04,84,D:\code\zouyongjia\DEVISIGN_G_EXTRACT\0019\P04_0019_1_0_20130309.oni\pic
2,0019,P04,73,D:\code\zouyongjia\DEVISIGN_G_EXTRACT\0019\P04_0019_2_0_20140405.oni\pic
1,0019,P05,77,D:\code\zouyongjia\DEVISIGN_G_EXTRACT\0019\P05_0019_1_0_20130407.oni\pic
1,0019,P06,93,D:\code\zouyongjia\DEVISIGN_G_EXTRACT\0019\P06_0019_1_0_20130602.oni\pic
1,0019,P07,68,D:\code\zouyongjia\DEVISIGN_G_EXTRACT\0019\P07_0019_1_0_20140314.oni\pic
1,0019,P08,98,D:\code\zouyongjia\DEVISIGN_G_EXTRACT\0019\P08_0019_1_0_20130505.oni\pic
1,0020,P01,113,D:\code\zouyongjia\DEVISIGN_G_EXTRACT\0020\P01_0020_1_0_20121124.oni\pic
2,0020,P01,56,D:\code\zouyongjia\DEVISIGN_G_EXTRACT\0020\P01_0020_2_0_20140711.oni\pic
1,0020,P02,96,D:\code\zouyongjia\DEVISIGN_G_EXTRACT\0020\P02_0020_1_0_20130116.oni\pic
2,0020,P02,65,D:\code\zouyongjia\DEVISIGN_G_EXTRACT\0020\P02_0020_2_0_20130117.oni\pic
1,0020,P03,61,D:\code\zouyongjia\DEVISIGN_G_EXTRACT\0020\P03_0020_1_0_20130520.oni\pic
2,0020,P03,63,D:\code\zouyongjia\DEVISIGN_G_EXTRACT\0020\P03_0020_2_0_20130523.oni\pic
1,0020,P04,90,D:\code\zouyongjia\DEVISIGN_G_EXTRACT\0020\P04_0020_1_0_20130309.oni\pic
2,0020,P04,51,D:\code\zouyongjia\DEVISIGN_G_EXTRACT\0020\P04_0020_2_0_20140405.oni\pic
1,0020,P05,65,D:\code\zouyongjia\DEVISIGN_G_EXTRACT\0020\P05_0020_1_0_20130407.oni\pic
1,0020,P06,89,D:\code\zouyongjia\DEVISIGN_G_EXTRACT\0020\P06_0020_1_0_20130602.oni\pic
1,0020,P07,57,D:\code\zouyongjia\DEVISIGN_G_EXTRACT\0020\P07_0020_1_0_20140314.oni\pic
1,0020,P08,96,D:\code\zouyongjia\DEVISIGN_G_EXTRACT\0020\P08_0020_1_0_20130505.oni\pic
1,0021,P01,117,D:\code\zouyongjia\DEVISIGN_G_EXTRACT\0021\P01_0021_1_0_20121124.oni\pic
2,0021,P01,55,D:\code\zouyongjia\DEVISIGN_G_EXTRACT\0021\P01_0021_2_0_20140711.oni\pic
1,0021,P02,80,D:\code\zouyongjia\DEVISIGN_G_EXTRACT\0021\P02_0021_1_0_20130116.oni\pic
2,0021,P02,60,D:\code\zouyongjia\DEVISIGN_G_EXTRACT\0021\P02_0021_2_0_20130117.oni\pic
1,0021,P03,58,D:\code\zouyongjia\DEVISIGN_G_EXTRACT\0021\P03_0021_1_0_20130520.oni\pic
2,0021,P03,71,D:\code\zouyongjia\DEVISIGN_G_EXTRACT\0021\P03_0021_2_0_20130523.oni\pic
1,0021,P04,88,D:\code\zouyongjia\DEVISIGN_G_EXTRACT\0021\P04_0021_1_0_20130309.oni\pic
2,0021,P04,43,D:\code\zouyongjia\DEVISIGN_G_EXTRACT\0021\P04_0021_2_0_20140405.oni\pic
1,0021,P05,56,D:\code\zouyongjia\DEVISIGN_G_EXTRACT\0021\P05_0021_1_0_20130407.oni\pic
1,0021,P06,85,D:\code\zouyongjia\DEVISIGN_G_EXTRACT\0021\P06_0021_1_0_20130602.oni\pic
1,0021,P07,55,D:\code\zouyongjia\DEVISIGN_G_EXTRACT\0021\P07_0021_1_0_20140314.oni\pic
1,0021,P08,73,D:\code\zouyongjia\DEVISIGN_G_EXTRACT\0021\P08_0021_1_0_20130505.oni\pic
1,0022,P01,120,D:\code\zouyongjia\DEVISIGN_G_EXTRACT\0022\P01_0022_1_0_20121124.oni\pic
2,0022,P01,60,D:\code\zouyongjia\DEVISIGN_G_EXTRACT\0022\P01_0022_2_0_20140711.oni\pic
1,0022,P02,82,D:\code\zouyongjia\DEVISIGN_G_EXTRACT\0022\P02_0022_1_0_20130116.oni\pic
2,0022,P02,59,D:\code\zouyongjia\DEVISIGN_G_EXTRACT\0022\P02_0022_2_0_20130117.oni\pic
1,0022,P03,58,D:\code\zouyongjia\DEVISIGN_G_EXTRACT\0022\P03_0022_1_0_20130520.oni\pic
2,0022,P03,55,D:\code\zouyongjia\DEVISIGN_G_EXTRACT\0022\P03_0022_2_0_20130523.oni\pic
1,0022,P04,77,D:\code\zouyongjia\DEVISIGN_G_EXTRACT\0022\P04_0022_1_0_20130309.oni\pic
2,0022,P04,46,D:\code\zouyongjia\DEVISIGN_G_EXTRACT\0022\P04_0022_2_0_20140405.oni\pic
1,0022,P05,68,D:\code\zouyongjia\DEVISIGN_G_EXTRACT\0022\P05_0022_1_0_20130407.oni\pic
1,0022,P06,92,D:\code\zouyongjia\DEVISIGN_G_EXTRACT\0022\P06_0022_1_0_20130602.oni\pic
1,0022,P07,55,D:\code\zouyongjia\DEVISIGN_G_EXTRACT\0022\P07_0022_1_0_20140314.oni\pic
1,0022,P08,87,D:\code\zouyongjia\DEVISIGN_G_EXTRACT\0022\P08_0022_1_0_20130505.oni\pic
1,0023,P01,115,D:\code\zouyongjia\DEVISIGN_G_EXTRACT\0023\P01_0023_1_0_20121124.oni\pic
2,0023,P01,54,D:\code\zouyongjia\DEVISIGN_G_EXTRACT\0023\P01_0023_2_0_20140711.oni\pic
1,0023,P02,75,D:\code\zouyongjia\DEVISIGN_G_EXTRACT\0023\P02_0023_1_0_20130116.oni\pic
2,0023,P02,57,D:\code\zouyongjia\DEVISIGN_G_EXTRACT\0023\P02_0023_2_0_20130117.oni\pic
1,0023,P03,57,D:\code\zouyongjia\DEVISIGN_G_EXTRACT\0023\P03_0023_1_0_20130520.oni\pic
2,0023,P03,73,D:\code\zouyongjia\DEVISIGN_G_EXTRACT\0023\P03_0023_2_0_20130523.oni\pic
1,0023,P04,81,D:\code\zouyongjia\DEVISIGN_G_EXTRACT\0023\P04_0023_1_0_20130309.oni\pic
2,0023,P04,55,D:\code\zouyongjia\DEVISIGN_G_EXTRACT\0023\P04_0023_2_0_20140405.oni\pic
1,0023,P05,69,D:\code\zouyongjia\DEVISIGN_G_EXTRACT\0023\P05_0023_1_0_20130407.oni\pic
1,0023,P06,80,D:\code\zouyongjia\DEVISIGN_G_EXTRACT\0023\P06_0023_1_0_20130602.oni\pic
1,0023,P07,52,D:\code\zouyongjia\DEVISIGN_G_EXTRACT\0023\P07_0023_1_0_20140314.oni\pic
1,0023,P08,90,D:\code\zouyongjia\DEVISIGN_G_EXTRACT\0023\P08_0023_1_0_20130505.oni\pic
1,0024,P01,104,D:\code\zouyongjia\DEVISIGN_G_EXTRACT\0024\P01_0024_1_0_20121124.oni\pic
2,0024,P01,56,D:\code\zouyongjia\DEVISIGN_G_EXTRACT\0024\P01_0024_2_0_20140711.oni\pic
1,0024,P02,72,D:\code\zouyongjia\DEVISIGN_G_EXTRACT\0024\P02_0024_1_0_20130116.oni\pic
2,0024,P02,56,D:\code\zouyongjia\DEVISIGN_G_EXTRACT\0024\P02_0024_2_0_20130117.oni\pic
1,0024,P03,58,D:\code\zouyongjia\DEVISIGN_G_EXTRACT\0024\P03_0024_1_0_20130520.oni\pic
2,0024,P03,70,D:\code\zouyongjia\DEVISIGN_G_EXTRACT\0024\P03_0024_2_0_20130523.oni\pic
1,0024,P04,70,D:\code\zouyongjia\DEVISIGN_G_EXTRACT\0024\P04_0024_1_0_20130309.oni\pic
2,0024,P04,53,D:\code\zouyongjia\DEVISIGN_G_EXTRACT\0024\P04_0024_2_0_20140405.oni\pic
1,0024,P05,65,D:\code\zouyongjia\DEVISIGN_G_EXTRACT\0024\P05_0024_1_0_20130407.oni\pic
1,0024,P06,78,D:\code\zouyongjia\DEVISIGN_G_EXTRACT\0024\P06_0024_1_0_20130602.oni\pic
1,0024,P07,54,D:\code\zouyongjia\DEVISIGN_G_EXTRACT\0024\P07_0024_1_0_20140314.oni\pic
1,0024,P08,88,D:\code\zouyongjia\DEVISIGN_G_EXTRACT\0024\P08_0024_1_0_20130505.oni\pic
1,0025,P01,128,D:\code\zouyongjia\DEVISIGN_G_EXTRACT\0025\P01_0025_1_0_20121124.oni\pic
2,0025,P01,57,D:\code\zouyongjia\DEVISIGN_G_EXTRACT\0025\P01_0025_2_0_20140711.oni\pic
1,0025,P02,72,D:\code\zouyongjia\DEVISIGN_G_EXTRACT\0025\P02_0025_1_0_20130116.oni\pic
2,0025,P02,51,D:\code\zouyongjia\DEVISIGN_G_EXTRACT\0025\P02_0025_2_0_20130117.oni\pic
1,0025,P03,63,D:\code\zouyongjia\DEVISIGN_G_EXTRACT\0025\P03_0025_1_0_20130520.oni\pic
2,0025,P03,69,D:\code\zouyongjia\DEVISIGN_G_EXTRACT\0025\P03_0025_2_0_20130523.oni\pic
1,0025,P04,79,D:\code\zouyongjia\DEVISIGN_G_EXTRACT\0025\P04_0025_1_0_20130309.oni\pic
2,0025,P04,42,D:\code\zouyongjia\DEVISIGN_G_EXTRACT\0025\P04_0025_2_0_20140405.oni\pic
1,0025,P05,70,D:\code\zouyongjia\DEVISIGN_G_EXTRACT\0025\P05_0025_1_0_20130407.oni\pic
1,0025,P06,75,D:\code\zouyongjia\DEVISIGN_G_EXTRACT\0025\P06_0025_1_0_20130602.oni\pic
1,0025,P07,55,D:\code\zouyongjia\DEVISIGN_G_EXTRACT\0025\P07_0025_1_0_20140314.oni\pic
1,0025,P08,95,D:\code\zouyongjia\DEVISIGN_G_EXTRACT\0025\P08_0025_1_0_20130505.oni\pic
1,0026,P01,130,D:\code\zouyongjia\DEVISIGN_G_EXTRACT\0026\P01_0026_1_0_20121124.oni\pic
2,0026,P01,63,D:\code\zouyongjia\DEVISIGN_G_EXTRACT\0026\P01_0026_2_0_20140711.oni\pic
1,0026,P02,110,D:\code\zouyongjia\DEVISIGN_G_EXTRACT\0026\P02_0026_1_0_20130116.oni\pic
2,0026,P02,59,D:\code\zouyongjia\DEVISIGN_G_EXTRACT\0026\P02_0026_2_0_20130117.oni\pic
1,0026,P03,50,D:\code\zouyongjia\DEVISIGN_G_EXTRACT\0026\P03_0026_1_0_20130520.oni\pic
2,0026,P03,78,D:\code\zouyongjia\DEVISIGN_G_EXTRACT\0026\P03_0026_2_0_20130523.oni\pic
1,0026,P04,78,D:\code\zouyongjia\DEVISIGN_G_EXTRACT\0026\P04_0026_1_0_20130309.oni\pic
2,0026,P04,44,D:\code\zouyongjia\DEVISIGN_G_EXTRACT\0026\P04_0026_2_0_20140405.oni\pic
1,0026,P05,53,D:\code\zouyongjia\DEVISIGN_G_EXTRACT\0026\P05_0026_1_0_20130407.oni\pic
1,0026,P06,71,D:\code\zouyongjia\DEVISIGN_G_EXTRACT\0026\P06_0026_1_0_20130602.oni\pic
1,0026,P07,63,D:\code\zouyongjia\DEVISIGN_G_EXTRACT\0026\P07_0026_1_0_20140314.oni\pic
1,0026,P08,94,D:\code\zouyongjia\DEVISIGN_G_EXTRACT\0026\P08_0026_1_0_20130505.oni\pic
1,0027,P01,131,D:\code\zouyongjia\DEVISIGN_G_EXTRACT\0027\P01_0027_1_0_20121124.oni\pic
2,0027,P01,63,D:\code\zouyongjia\DEVISIGN_G_EXTRACT\0027\P01_0027_2_0_20140711.oni\pic
1,0027,P02,74,D:\code\zouyongjia\DEVISIGN_G_EXTRACT\0027\P02_0027_1_0_20130116.oni\pic
2,0027,P02,58,D:\code\zouyongjia\DEVISIGN_G_EXTRACT\0027\P02_0027_2_0_20130117.oni\pic
1,0027,P03,60,D:\code\zouyongjia\DEVISIGN_G_EXTRACT\0027\P03_0027_1_0_20130520.oni\pic
2,0027,P03,68,D:\code\zouyongjia\DEVISIGN_G_EXTRACT\0027\P03_0027_2_0_20130523.oni\pic
1,0027,P04,80,D:\code\zouyongjia\DEVISIGN_G_EXTRACT\0027\P04_0027_1_0_20130309.oni\pic
2,0027,P04,45,D:\code\zouyongjia\DEVISIGN_G_EXTRACT\0027\P04_0027_2_0_20140405.oni\pic
1,0027,P05,72,D:\code\zouyongjia\DEVISIGN_G_EXTRACT\0027\P05_0027_1_0_20130407.oni\pic
1,0027,P06,75,D:\code\zouyongjia\DEVISIGN_G_EXTRACT\0027\P06_0027_1_0_20130602.oni\pic
1,0027,P07,61,D:\code\zouyongjia\DEVISIGN_G_EXTRACT\0027\P07_0027_1_0_20140314.oni\pic
1,0027,P08,90,D:\code\zouyongjia\DEVISIGN_G_EXTRACT\0027\P08_0027_1_0_20130505.oni\pic
1,0028,P01,132,D:\code\zouyongjia\DEVISIGN_G_EXTRACT\0028\P01_0028_1_0_20121124.oni\pic
2,0028,P01,62,D:\code\zouyongjia\DEVISIGN_G_EXTRACT\0028\P01_0028_2_0_20140711.oni\pic
1,0028,P02,67,D:\code\zouyongjia\DEVISIGN_G_EXTRACT\0028\P02_0028_1_0_20130116.oni\pic
2,0028,P02,58,D:\code\zouyongjia\DEVISIGN_G_EXTRACT\0028\P02_0028_2_0_20130117.oni\pic
1,0028,P03,57,D:\code\zouyongjia\DEVISIGN_G_EXTRACT\0028\P03_0028_1_0_20130520.oni\pic
2,0028,P03,66,D:\code\zouyongjia\DEVISIGN_G_EXTRACT\0028\P03_0028_2_0_20130523.oni\pic
1,0028,P04,78,D:\code\zouyongjia\DEVISIGN_G_EXTRACT\0028\P04_0028_1_0_20130309.oni\pic
2,0028,P04,50,D:\code\zouyongjia\DEVISIGN_G_EXTRACT\0028\P04_0028_2_0_20140405.oni\pic
1,0028,P05,70,D:\code\zouyongjia\DEVISIGN_G_EXTRACT\0028\P05_0028_1_0_20130407.oni\pic
1,0028,P06,80,D:\code\zouyongjia\DEVISIGN_G_EXTRACT\0028\P06_0028_1_0_20130602.oni\pic
1,0028,P07,65,D:\code\zouyongjia\DEVISIGN_G_EXTRACT\0028\P07_0028_1_0_20140314.oni\pic
1,0028,P08,95,D:\code\zouyongjia\DEVISIGN_G_EXTRACT\0028\P08_0028_1_0_20130505.oni\pic
1,0029,P01,108,D:\code\zouyongjia\DEVISIGN_G_EXTRACT\0029\P01_0029_1_0_20121124.oni\pic
2,0029,P01,64,D:\code\zouyongjia\DEVISIGN_G_EXTRACT\0029\P01_0029_2_0_20140711.oni\pic
1,0029,P02,95,D:\code\zouyongjia\DEVISIGN_G_EXTRACT\0029\P02_0029_1_0_20130116.oni\pic
2,0029,P02,57,D:\code\zouyongjia\DEVISIGN_G_EXTRACT\0029\P02_0029_2_0_20130117.oni\pic
1,0029,P03,52,D:\code\zouyongjia\DEVISIGN_G_EXTRACT\0029\P03_0029_1_0_20130520.oni\pic
2,0029,P03,67,D:\code\zouyongjia\DEVISIGN_G_EXTRACT\0029\P03_0029_2_0_20130523.oni\pic
1,0029,P04,92,D:\code\zouyongjia\DEVISIGN_G_EXTRACT\0029\P04_0029_1_0_20130309.oni\pic
2,0029,P04,47,D:\code\zouyongjia\DEVISIGN_G_EXTRACT\0029\P04_0029_2_0_20140405.oni\pic
1,0029,P05,68,D:\code\zouyongjia\DEVISIGN_G_EXTRACT\0029\P05_0029_1_0_20130407.oni\pic
1,0029,P06,96,D:\code\zouyongjia\DEVISIGN_G_EXTRACT\0029\P06_0029_1_0_20130602.oni\pic
1,0029,P07,63,D:\code\zouyongjia\DEVISIGN_G_EXTRACT\0029\P07_0029_1_0_20140314.oni\pic
1,0029,P08,111,D:\code\zouyongjia\DEVISIGN_G_EXTRACT\0029\P08_0029_1_0_20130505.oni\pic
1,0030,P01,142,D:\code\zouyongjia\DEVISIGN_G_EXTRACT\0030\P01_0030_1_0_20121124.oni\pic
2,0030,P01,59,D:\code\zouyongjia\DEVISIGN_G_EXTRACT\0030\P01_0030_2_0_20140711.oni\pic
1,0030,P02,82,D:\code\zouyongjia\DEVISIGN_G_EXTRACT\0030\P02_0030_1_0_20130116.oni\pic
2,0030,P02,55,D:\code\zouyongjia\DEVISIGN_G_EXTRACT\0030\P02_0030_2_0_20130117.oni\pic
1,0030,P03,56,D:\code\zouyongjia\DEVISIGN_G_EXTRACT\0030\P03_0030_1_0_20130520.oni\pic
2,0030,P03,71,D:\code\zouyongjia\DEVISIGN_G_EXTRACT\0030\P03_0030_2_0_20130523.oni\pic
1,0030,P04,75,D:\code\zouyongjia\DEVISIGN_G_EXTRACT\0030\P04_0030_1_0_20130309.oni\pic
2,0030,P04,51,D:\code\zouyongjia\DEVISIGN_G_EXTRACT\0030\P04_0030_2_0_20140405.oni\pic
1,0030,P05,60,D:\code\zouyongjia\DEVISIGN_G_EXTRACT\0030\P05_0030_1_0_20130407.oni\pic
1,0030,P06,88,D:\code\zouyongjia\DEVISIGN_G_EXTRACT\0030\P06_0030_1_0_20130602.oni\pic
1,0030,P07,63,D:\code\zouyongjia\DEVISIGN_G_EXTRACT\0030\P07_0030_1_0_20140314.oni\pic
1,0030,P08,105,D:\code\zouyongjia\DEVISIGN_G_EXTRACT\0030\P08_0030_1_0_20130505.oni\pic
1,0031,P01,120,D:\code\zouyongjia\DEVISIGN_G_EXTRACT\0031\P01_0031_1_0_20121124.oni\pic
2,0031,P01,58,D:\code\zouyongjia\DEVISIGN_G_EXTRACT\0031\P01_0031_2_0_20140711.oni\pic
1,0031,P02,66,D:\code\zouyongjia\DEVISIGN_G_EXTRACT\0031\P02_0031_1_0_20130116.oni\pic
2,0031,P02,53,D:\code\zouyongjia\DEVISIGN_G_EXTRACT\0031\P02_0031_2_0_20130117.oni\pic
1,0031,P03,53,D:\code\zouyongjia\DEVISIGN_G_EXTRACT\0031\P03_0031_1_0_20130520.oni\pic
2,0031,P03,71,D:\code\zouyongjia\DEVISIGN_G_EXTRACT\0031\P03_0031_2_0_20130523.oni\pic
1,0031,P04,70,D:\code\zouyongjia\DEVISIGN_G_EXTRACT\0031\P04_0031_1_0_20130309.oni\pic
2,0031,P04,47,D:\code\zouyongjia\DEVISIGN_G_EXTRACT\0031\P04_0031_2_0_20140405.oni\pic
1,0031,P05,65,D:\code\zouyongjia\DEVISIGN_G_EXTRACT\0031\P05_0031_1_0_20130407.oni\pic
1,0031,P06,73,D:\code\zouyongjia\DEVISIGN_G_EXTRACT\0031\P06_0031_1_0_20130602.oni\pic
1,0031,P07,61,D:\code\zouyongjia\DEVISIGN_G_EXTRACT\0031\P07_0031_1_0_20140314.oni\pic
1,0031,P08,92,D:\code\zouyongjia\DEVISIGN_G_EXTRACT\0031\P08_0031_1_0_20130505.oni\pic
1,0032,P01,109,D:\code\zouyongjia\DEVISIGN_G_EXTRACT\0032\P01_0032_1_0_20121124.oni\pic
2,0032,P01,61,D:\code\zouyongjia\DEVISIGN_G_EXTRACT\0032\P01_0032_2_0_20140711.oni\pic
1,0032,P02,72,D:\code\zouyongjia\DEVISIGN_G_EXTRACT\0032\P02_0032_1_0_20130116.oni\pic
2,0032,P02,64,D:\code\zouyongjia\DEVISIGN_G_EXTRACT\0032\P02_0032_2_0_20130117.oni\pic
1,0032,P03,49,D:\code\zouyongjia\DEVISIGN_G_EXTRACT\0032\P03_0032_1_0_20130520.oni\pic
2,0032,P03,63,D:\code\zouyongjia\DEVISIGN_G_EXTRACT\0032\P03_0032_2_0_20130523.oni\pic
1,0032,P04,74,D:\code\zouyongjia\DEVISIGN_G_EXTRACT\0032\P04_0032_1_0_20130309.oni\pic
2,0032,P04,49,D:\code\zouyongjia\DEVISIGN_G_EXTRACT\0032\P04_0032_2_0_20140405.oni\pic
1,0032,P05,62,D:\code\zouyongjia\DEVISIGN_G_EXTRACT\0032\P05_0032_1_0_20130407.oni\pic
1,0032,P06,84,D:\code\zouyongjia\DEVISIGN_G_EXTRACT\0032\P06_0032_1_0_20130602.oni\pic
1,0032,P07,63,D:\code\zouyongjia\DEVISIGN_G_EXTRACT\0032\P07_0032_1_0_20140314.oni\pic
1,0032,P08,97,D:\code\zouyongjia\DEVISIGN_G_EXTRACT\0032\P08_0032_1_0_20130505.oni\pic
1,0033,P01,130,D:\code\zouyongjia\DEVISIGN_G_EXTRACT\0033\P01_0033_1_0_20121124.oni\pic
2,0033,P01,58,D:\code\zouyongjia\DEVISIGN_G_EXTRACT\0033\P01_0033_2_0_20140711.oni\pic
1,0033,P02,77,D:\code\zouyongjia\DEVISIGN_G_EXTRACT\0033\P02_0033_1_0_20130116.oni\pic
2,0033,P02,74,D:\code\zouyongjia\DEVISIGN_G_EXTRACT\0033\P02_0033_2_0_20130117.oni\pic
1,0033,P03,50,D:\code\zouyongjia\DEVISIGN_G_EXTRACT\0033\P03_0033_1_0_20130520.oni\pic
2,0033,P03,83,D:\code\zouyongjia\DEVISIGN_G_EXTRACT\0033\P03_0033_2_0_20130523.oni\pic
1,0033,P04,86,D:\code\zouyongjia\DEVISIGN_G_EXTRACT\0033\P04_0033_1_0_20130309.oni\pic
2,0033,P04,59,D:\code\zouyongjia\DEVISIGN_G_EXTRACT\0033\P04_0033_2_0_20140405.oni\pic
1,0033,P05,71,D:\code\zouyongjia\DEVISIGN_G_EXTRACT\0033\P05_0033_1_0_20130407.oni\pic
1,0033,P06,76,D:\code\zouyongjia\DEVISIGN_G_EXTRACT\0033\P06_0033_1_0_20130602.oni\pic
1,0033,P07,67,D:\code\zouyongjia\DEVISIGN_G_EXTRACT\0033\P07_0033_1_0_20140314.oni\pic
1,0033,P08,99,D:\code\zouyongjia\DEVISIGN_G_EXTRACT\0033\P08_0033_1_0_20130505.oni\pic
1,0034,P01,139,D:\code\zouyongjia\DEVISIGN_G_EXTRACT\0034\P01_0034_1_0_20121124.oni\pic
2,0034,P01,56,D:\code\zouyongjia\DEVISIGN_G_EXTRACT\0034\P01_0034_2_0_20140711.oni\pic
1,0034,P02,67,D:\code\zouyongjia\DEVISIGN_G_EXTRACT\0034\P02_0034_1_0_20130116.oni\pic
2,0034,P02,60,D:\code\zouyongjia\DEVISIGN_G_EXTRACT\0034\P02_0034_2_0_20130117.oni\pic
1,0034,P03,60,D:\code\zouyongjia\DEVISIGN_G_EXTRACT\0034\P03_0034_1_0_20130520.oni\pic
2,0034,P03,56,D:\code\zouyongjia\DEVISIGN_G_EXTRACT\0034\P03_0034_2_0_20130523.oni\pic
1,0034,P04,79,D:\code\zouyongjia\DEVISIGN_G_EXTRACT\0034\P04_0034_1_0_20130309.oni\pic
2,0034,P04,44,D:\code\zouyongjia\DEVISIGN_G_EXTRACT\0034\P04_0034_2_0_20140405.oni\pic
1,0034,P05,53,D:\code\zouyongjia\DEVISIGN_G_EXTRACT\0034\P05_0034_1_0_20130407.oni\pic
1,0034,P06,67,D:\code\zouyongjia\DEVISIGN_G_EXTRACT\0034\P06_0034_1_0_20130602.oni\pic
1,0034,P07,56,D:\code\zouyongjia\DEVISIGN_G_EXTRACT\0034\P07_0034_1_0_20140314.oni\pic
1,0034,P08,84,D:\code\zouyongjia\DEVISIGN_G_EXTRACT\0034\P08_0034_1_0_20130505.oni\pic
1,0035,P01,155,D:\code\zouyongjia\DEVISIGN_G_EXTRACT\0035\P01_0035_1_0_20121124.oni\pic
2,0035,P01,62,D:\code\zouyongjia\DEVISIGN_G_EXTRACT\0035\P01_0035_2_0_20140711.oni\pic
1,0035,P02,76,D:\code\zouyongjia\DEVISIGN_G_EXTRACT\0035\P02_0035_1_0_20130116.oni\pic
2,0035,P02,58,D:\code\zouyongjia\DEVISIGN_G_EXTRACT\0035\P02_0035_2_0_20130117.oni\pic
1,0035,P03,55,D:\code\zouyongjia\DEVISIGN_G_EXTRACT\0035\P03_0035_1_0_20130520.oni\pic
2,0035,P03,70,D:\code\zouyongjia\DEVISIGN_G_EXTRACT\0035\P03_0035_2_0_20130523.oni\pic
1,0035,P04,79,D:\code\zouyongjia\DEVISIGN_G_EXTRACT\0035\P04_0035_1_0_20130309.oni\pic
2,0035,P04,42,D:\code\zouyongjia\DEVISIGN_G_EXTRACT\0035\P04_0035_2_0_20140405.oni\pic
1,0035,P05,69,D:\code\zouyongjia\DEVISIGN_G_EXTRACT\0035\P05_0035_1_0_20130407.oni\pic
1,0035,P06,71,D:\code\zouyongjia\DEVISIGN_G_EXTRACT\0035\P06_0035_1_0_20130602.oni\pic
1,0035,P07,55,D:\code\zouyongjia\DEVISIGN_G_EXTRACT\0035\P07_0035_1_0_20140314.oni\pic
1,0035,P08,90,D:\code\zouyongjia\DEVISIGN_G_EXTRACT\0035\P08_0035_1_0_20130505.oni\pic
